Слово,Расходы,Kлики,Показы,Конверсии,Популярные поисковые запросы со словом
пластик,"521,69 грн.",61,1 001,"0,00","(пластик для 3д принтера, абс пластик, abs пластик)"
sunlu,"466,81 грн.",68,749,"0,00","(sunlu, sunlu petg, sunlu filament)"
3д,"450,02 грн.",48,706,"0,00","(пластик для 3д принтера, 3д пласт, филамент для 3д принтера)"
для,"381,93 грн.",46,603,"0,00","(пластик для 3д принтера, филамент для 3д принтера, пластик для 3d принтера)"
принтера,"349,97 грн.",40,526,"0,00","(пластик для 3д принтера, филамент для 3д принтера, пластик для 3d принтера)"
petg,"248,68 грн.",30,473,"0,00","(petg пластик, sunlu petg, petg)"
філамент,"206,74 грн.",27,382,"0,00","(філамент, tpu філамент, філамент для 3д принтера)"
monofilament,"189,95 грн.",24,325,"0,00","(monofilament, monofilament petg)"
3dplast,"57,04 грн.",7,319,"0,00","(3dplast, 3dplast petg, 3dplast ua)"
filament,"86,57 грн.",17,301,"0,00","(vvm filament, filament org ua, ds filament)"
lbl,"34,95 грн.",7,219,"0,00","(lbl, lbl petg, lbl пластик)"
филамент,"128,80 грн.",19,214,"0,00","(филамент для 3д принтера, филамент, lbl филамент)"
3d,"61,83 грн.",12,195,"0,00","(3d plast, пластик для 3d принтера, 3d пласт)"
абс,"13,40 грн.",3,155,"0,00","(абс пластик, пластик абс, абс пластик для 3д принтера)"
plexiwire,"30,72 грн.",7,150,"0,00",(plexiwire)
asa,"129,01 грн.",21,144,"0,00","(asa пластик, asa філамент, пластик asa)"
пласт,"84,35 грн.",6,133,"0,00","(3д пласт, 3d пласт)"
купить,"94,93 грн.",12,131,"0,00","(купить пластик для 3д принтера, petg пластик купить, купить 3д принтер)"
монофиламент,"32,55 грн.",9,127,"0,00",(монофиламент)
abs,"8,08 грн.",2,127,"0,00","(abs пластик, abs пластик купить, abs пластик листовой купить)"
принтер,"24,07 грн.",4,126,"0,00","(3д принтер, 3d принтер, купить 3д принтер)"
plast,"24,64 грн.",6,87,"0,00",(3d plast)
сушка,"19,90 грн.",4,81,"0,00","(сушка для філаменту, сушка филамента, сушка для пластику)"
монофіламент,"20,32 грн.",3,79,"0,00",(монофіламент)
ua,"35,53 грн.",7,78,"0,00","(filament org ua, 3dplast ua)"
tpu,"48,58 грн.",3,72,"0,00","(tpu філамент, tpu 95a)"
vvm,"0,00 грн.",0,68,"0,00",(vvm filament)
org,"35,53 грн.",7,61,"0,00",(filament org ua)
купити,"38,79 грн.",4,59,"0,00","(філамент купити, sunlu купити, купити пластик для 3д принтера)"
ds,"17,30 грн.",4,41,"0,00",(ds filament)
3дпласт,"0,00 грн.",0,40,"0,00",(3дпласт)
polydream,"13,27 грн.",2,39,"0,00",(polydream)
techfil,"21,80 грн.",23,39,"0,00",(techfil)
филамента,"0,00 грн.",0,36,"0,00","(сушка филамента, сушка для филамента)"
лбл,"0,00 грн.",0,33,"0,00","(лбл пластик, лбл)"
polymaker,"0,00 грн.",0,30,"0,00",(polymaker)
esun,"7,92 грн.",1,30,"0,00","(esun, esun filament)"
сунлу,"4,34 грн.",1,30,"0,00",(сунлу)
тірапласт,"0,00 грн.",0,29,"0,00",(тірапласт)
філаменту,"19,90 грн.",4,28,"0,00",(сушка для філаменту)
материал,"10,74 грн.",2,26,"0,00",(материал для 3д принтера)
copet,"2,82 грн.",1,22,"0,00",(copet)
характеристики,"0,00 грн.",0,21,"0,00",(petg пластик характеристики)
pochatok,"7,53 грн.",1,21,"0,00",(pochatok filament)
пла,"0,00 грн.",0,20,"0,00",(пла)
tiraplast,"0,00 грн.",0,20,"0,00",(tiraplast)
creality,"0,00 грн.",0,20,"0,00",(creality petg)
abs+,"4,86 грн.",1,19,"0,00",(abs+)
sanlu,"18,35 грн.",4,18,"0,00",(sanlu)
пластика,"12,05 грн.",2,17,"0,00",(сушилка для пластика)
сушилка,"12,05 грн.",2,17,"0,00",(сушилка для пластика)
пластику,"0,00 грн.",0,17,"0,00",(сушка для пластику)
skywire,"20,03 грн.",3,17,"0,00",(skywire філамент)
філомент,"0,00 грн.",0,17,"0,00",(філомент)
маркет,"4,23 грн.",1,17,"0,00",(філамент маркет)
на,"3,73 грн.",1,16,"0,00",(пластик на 3д принтер)
d100,"0,00 грн.",0,16,"0,00",(elastan d100)
elastan,"0,00 грн.",0,16,"0,00",(elastan d100)
cf,"4,53 грн.",1,16,"0,00",(petg cf)
листовой,"0,00 грн.",0,14,"0,00",(abs пластик листовой купить)
3dshop,"0,00 грн.",0,14,"0,00",(3dshop)
market,"7,59 грн.",1,13,"0,00",(filament market)
катушка,"0,00 грн.",0,13,"0,00",(катушка для 3д принтера)
95a,"0,00 грн.",0,12,"0,00",(tpu 95a)
