Поиск,Расходы,Kлики,Показы,Конверсии
sunlu,"311,28 грн.",42,516,"0,00"
monofilament,"143,41 грн.",21,304,"0,00"
3dplast,"57,04 грн.",7,280,"0,00"
пластик для 3д принтера,"202,10 грн.",16,273,"0,00"
plexiwire,"30,72 грн.",7,150,"0,00"
монофиламент,"32,55 грн.",9,127,"0,00"
абс пластик,"6,69 грн.",1,124,"0,00"
3д пласт,"84,35 грн.",6,107,"0,00"
lbl,"32,11 грн.",6,106,"0,00"
філамент,"57,76 грн.",4,99,"0,00"
3d plast,"24,64 грн.",6,87,"0,00"
abs пластик,"8,08 грн.",2,82,"0,00"
монофіламент,"20,32 грн.",3,79,"0,00"
филамент для 3д принтера,"58,04 грн.",8,77,"0,00"
petg пластик,"27,26 грн.",3,75,"0,00"
3д принтер,"20,34 грн.",3,74,"0,00"
sunlu petg,"37,82 грн.",6,71,"0,00"
vvm filament,"0,00 грн.",0,68,"0,00"
asa пластик,"61,32 грн.",7,64,"0,00"
petg,"27,45 грн.",3,62,"0,00"
filament org ua,"35,53 грн.",7,61,"0,00"
tpu філамент,"48,58 грн.",3,60,"0,00"
филамент,"6,04 грн.",1,59,"0,00"
пластик для 3d принтера,"21,50 грн.",4,49,"0,00"
lbl petg,"2,84 грн.",1,47,"0,00"
ds filament,"17,30 грн.",4,41,"0,00"
sunlu filament,"9,65 грн.",2,41,"0,00"
3дпласт,"0,00 грн.",0,40,"0,00"
polydream,"13,27 грн.",2,39,"0,00"
techfil,"21,80 грн.",23,39,"0,00"
lbl пластик,"0,00 грн.",0,34,"0,00"
філамент для 3д принтера,"10,81 грн.",3,33,"0,00"
polymaker,"0,00 грн.",0,30,"0,00"
сунлу,"4,34 грн.",1,30,"0,00"
тірапласт,"0,00 грн.",0,29,"0,00"
filament,"0,00 грн.",0,28,"0,00"
сушка для філаменту,"19,90 грн.",4,28,"0,00"
купить пластик для 3д принтера,"23,78 грн.",4,27,"0,00"
3d пласт,"0,00 грн.",0,26,"0,00"
asa філамент,"10,56 грн.",3,26,"0,00"
материал для 3д принтера,"10,74 грн.",2,26,"0,00"
petg пластик купить,"49,24 грн.",5,25,"0,00"
філамент sunlu,"31,68 грн.",7,25,"0,00"
sunlu філамент,"0,00 грн.",0,24,"0,00"
petg sunlu,"22,81 грн.",4,23,"0,00"
пластик asa,"21,28 грн.",4,23,"0,00"
3dplast petg,"0,00 грн.",0,22,"0,00"
copet,"2,82 грн.",1,22,"0,00"
monofilament petg,"46,54 грн.",3,21,"0,00"
petg пластик характеристики,"0,00 грн.",0,21,"0,00"
pochatok filament,"7,53 грн.",1,21,"0,00"
сушка филамента,"0,00 грн.",0,21,"0,00"
creality petg,"0,00 грн.",0,20,"0,00"
tiraplast,"0,00 грн.",0,20,"0,00"
пла,"0,00 грн.",0,20,"0,00"
abs+,"4,86 грн.",1,19,"0,00"
lbl филамент,"0,00 грн.",0,19,"0,00"
petg філамент,"14,26 грн.",2,19,"0,00"
філамент petg,"0,00 грн.",0,19,"0,00"
3d принтер,"0,00 грн.",0,18,"0,00"
esun,"7,92 грн.",1,18,"0,00"
sanlu,"18,35 грн.",4,18,"0,00"
купить 3д принтер,"0,00 грн.",0,18,"0,00"
пластик petg,"0,00 грн.",0,18,"0,00"
пластик sunlu,"37,98 грн.",5,18,"0,00"
філамент купити,"8,82 грн.",1,18,"0,00"
3dplast ua,"0,00 грн.",0,17,"0,00"
abs пластик купить,"0,00 грн.",0,17,"0,00"
skywire філамент,"20,03 грн.",3,17,"0,00"
лбл пластик,"0,00 грн.",0,17,"0,00"
пластик абс,"2,49 грн.",1,17,"0,00"
сушилка для пластика,"12,05 грн.",2,17,"0,00"
сушка для пластику,"0,00 грн.",0,17,"0,00"
філамент маркет,"4,23 грн.",1,17,"0,00"
філомент,"0,00 грн.",0,17,"0,00"
asa filament,"8,97 грн.",2,16,"0,00"
elastan d100,"0,00 грн.",0,16,"0,00"
petg cf,"4,53 грн.",1,16,"0,00"
sunlu пластик,"4,41 грн.",1,16,"0,00"
купить филамент,"10,72 грн.",1,16,"0,00"
лбл,"0,00 грн.",0,16,"0,00"
пластик на 3д принтер,"3,73 грн.",1,16,"0,00"
3d пластик,"15,70 грн.",2,15,"0,00"
asa филамент,"26,88 грн.",5,15,"0,00"
sunlu купити,"11,18 грн.",1,15,"0,00"
сушка для филамента,"0,00 грн.",0,15,"0,00"
3dshop,"0,00 грн.",0,14,"0,00"
3д пластик,"13,12 грн.",2,14,"0,00"
abs пластик листовой купить,"0,00 грн.",0,14,"0,00"
абс пластик для 3д принтера,"4,22 грн.",1,14,"0,00"
купити пластик для 3д принтера,"18,79 грн.",2,14,"0,00"
пластик abs,"0,00 грн.",0,14,"0,00"
филамент petg,"15,93 грн.",2,14,"0,00"
филамент купить,"11,19 грн.",2,14,"0,00"
filament market,"7,59 грн.",1,13,"0,00"
lbl філамент,"0,00 грн.",0,13,"0,00"
катушка для 3д принтера,"0,00 грн.",0,13,"0,00"
esun filament,"0,00 грн.",0,12,"0,00"
tpu 95a,"0,00 грн.",0,12,"0,00"
купити філамент,"0,00 грн.",0,12,"0,00"
